{
  "__comment": [
    "Mobs will be able to equip items declared here",
    "The first number is the weight while the second number is the quality",
    "Weight is the weight of an item. Higher weight means that the item is more likely to get choosen",
    "Quality is a modifier applied to the weight. The final weight used is weight + quality * current difficulty"
  ],
  "MAINHAND": {
    "alexsmobs:skelewag_sword": [
      1226,
      -1.808
    ],
    "blue_skies:aquite_axe": [
      1081,
      -0.648
    ],
    "blue_skies:aquite_sword": [
      1219,
      -1.752
    ],
    "blue_skies:bluebright_axe": [
      1240,
      -1.92
    ],
    "blue_skies:bluebright_sword": [
      1354,
      -2.832
    ],
    "blue_skies:charoite_axe": [
      693,
      2.456
    ],
    "blue_skies:charoite_sword": [
      789,
      1.688
    ],
    "blue_skies:cherry_axe": [
      1205,
      -1.64
    ],
    "blue_skies:cherry_sword": [
      1325,
      -2.6
    ],
    "blue_skies:different_sword": [
      750,
      2.0
    ],
    "blue_skies:diopside_axe": [
      489,
      4.088
    ],
    "blue_skies:diopside_sword": [
      663,
      2.696
    ],
    "blue_skies:dusk_axe": [
      1240,
      -1.92
    ],
    "blue_skies:dusk_sword": [
      1354,
      -2.832
    ],
    "blue_skies:frostbright_axe": [
      1240,
      -1.92
    ],
    "blue_skies:frostbright_sword": [
      1354,
      -2.832
    ],
    "blue_skies:horizonite_axe": [
      1087,
      -0.696
    ],
    "blue_skies:horizonite_sword": [
      1225,
      -1.8
    ],
    "blue_skies:infused_arc_sword": [
      892,
      0.864
    ],
    "blue_skies:lunar_axe": [
      1240,
      -1.92
    ],
    "blue_skies:lunar_stone_axe": [
      1122,
      -0.976
    ],
    "blue_skies:lunar_stone_sword": [
      1298,
      -2.384
    ],
    "blue_skies:lunar_sword": [
      1354,
      -2.832
    ],
    "blue_skies:maple_axe": [
      1240,
      -1.92
    ],
    "blue_skies:maple_sword": [
      1354,
      -2.832
    ],
    "blue_skies:pyrope_axe": [
      1127,
      -1.016
    ],
    "blue_skies:pyrope_sword": [
      1259,
      -2.072
    ],
    "blue_skies:starlit_axe": [
      1240,
      -1.92
    ],
    "blue_skies:starlit_sword": [
      1354,
      -2.832
    ],
    "blue_skies:turquoise_stone_axe": [
      1122,
      -0.976
    ],
    "blue_skies:turquoise_stone_sword": [
      1298,
      -2.384
    ],
    "epicfight:golden_dagger": [
      1418,
      -3.344
    ],
    "epicfight:golden_greatsword": [
      1440,
      -3.52
    ],
    "epicfight:golden_longsword": [
      1328,
      -2.624
    ],
    "epicfight:golden_spear": [
      1362,
      -2.896
    ],
    "epicfight:golden_tachi": [
      1328,
      -2.624
    ],
    "epicfight:iron_dagger": [
      1297,
      -2.376
    ],
    "epicfight:iron_greatsword": [
      1327,
      -2.616
    ],
    "epicfight:iron_longsword": [
      1183,
      -1.464
    ],
    "epicfight:iron_spear": [
      1225,
      -1.8
    ],
    "epicfight:iron_tachi": [
      1183,
      -1.464
    ],
    "epicfight:knuckle": [
      1325,
      -2.6
    ],
    "epicfight:stone_greatsword": [
      1388,
      -3.104
    ],
    "epicfight:stone_spear": [
      1298,
      -2.384
    ],
    "kobolds:kobold_iron_axe": [
      1085,
      -0.68
    ],
    "kobolds:kobold_iron_sword": [
      1261,
      -2.088
    ],
    "minecraft:golden_axe": [
      1248,
      -1.984
    ],
    "minecraft:golden_sword": [
      1362,
      -2.896
    ],
    "minecraft:iron_axe": [
      1087,
      -0.696
    ],
    "minecraft:iron_sword": [
      1225,
      -1.8
    ],
    "minecraft:stone_axe": [
      1122,
      -0.976
    ],
    "minecraft:stone_sword": [
      1298,
      -2.384
    ],
    "minecraft:tnt": [
      800,
      0.0
    ],
    "minecraft:wooden_axe": [
      1240,
      -1.92
    ],
    "minecraft:wooden_sword": [
      1354,
      -2.832
    ],
    "orcz:heavyorchammer": [
      958,
      0.336
    ],
    "orcz:orcteeth_tool_axe": [
      1122,
      -0.976
    ],
    "orcz:orcteeth_tool_sword": [
      1172,
      -1.376
    ],
    "orcz:skullwandorc": [
      1255,
      -2.04
    ]
  },
  "OFFHAND": {
    "ars_nouveau:enchanters_shield": [
      1350,
      0.0
    ],
    "blue_skies:spike_shield": [
      1350,
      0.0
    ],
    "minecraft:shield": [
      1350,
      0.0
    ]
  },
  "FEET": {
    "alexsmobs:flying_fish_boots": [
      1342,
      -2.736
    ],
    "alexsmobs:roadrunner_boots": [
      903,
      0.776
    ],
    "ars_nouveau:apprentice_boots": [
      607,
      3.144
    ],
    "ars_nouveau:archmage_boots": [
      1,
      7.992
    ],
    "ars_nouveau:novice_boots": [
      807,
      1.544
    ],
    "ba_bt:platinum_boots": [
      788,
      1.696
    ],
    "biomemakeover:cladded_boots": [
      944,
      0.448
    ],
    "blue_skies:aquite_boots": [
      750,
      2.0
    ],
    "blue_skies:charoite_boots": [
      48,
      7.616
    ],
    "blue_skies:diopside_boots": [
      175,
      6.6
    ],
    "blue_skies:horizonite_boots": [
      947,
      0.424
    ],
    "blue_skies:pyrope_boots": [
      947,
      0.424
    ],
    "blue_skies:shadow_boots": [
      1,
      8.28
    ],
    "create:diving_boots": [
      1141,
      -1.128
    ],
    "hexerei:witch_boots": [
      497,
      4.024
    ],
    "minecraft:chainmail_boots": [
      1098,
      -0.784
    ],
    "minecraft:diamond_boots": [
      444,
      4.448
    ],
    "minecraft:golden_boots": [
      1201,
      -1.608
    ],
    "minecraft:iron_boots": [
      954,
      0.368
    ],
    "minecraft:leather_boots": [
      1356,
      -2.848
    ],
    "orcz:orcteeth_armor_armor_boots": [
      872,
      1.024
    ]
  },
  "LEGS": {
    "alexsmobs:centipede_leggings": [
      1,
      9.56
    ],
    "alexsmobs:emu_leggings": [
      733,
      2.136
    ],
    "ars_nouveau:apprentice_leggings": [
      607,
      3.144
    ],
    "ars_nouveau:archmage_leggings": [
      1,
      7.992
    ],
    "ars_nouveau:novice_leggings": [
      807,
      1.544
    ],
    "ba_bt:platinum_leggings": [
      788,
      1.696
    ],
    "biomemakeover:cladded_leggings": [
      944,
      0.448
    ],
    "blue_skies:aquite_leggings": [
      750,
      2.0
    ],
    "blue_skies:charoite_leggings": [
      48,
      7.616
    ],
    "blue_skies:diopside_leggings": [
      175,
      6.6
    ],
    "blue_skies:horizonite_leggings": [
      947,
      0.424
    ],
    "blue_skies:pyrope_leggings": [
      947,
      0.424
    ],
    "blue_skies:shadow_leggings": [
      1,
      8.28
    ],
    "epicfight:stray_pants": [
      1314,
      -2.512
    ],
    "fromtheshadows:diabolium_leggings": [
      1,
      9.36
    ],
    "minecraft:chainmail_leggings": [
      1098,
      -0.784
    ],
    "minecraft:diamond_leggings": [
      444,
      4.448
    ],
    "minecraft:golden_leggings": [
      1201,
      -1.608
    ],
    "minecraft:iron_leggings": [
      954,
      0.368
    ],
    "minecraft:leather_leggings": [
      1356,
      -2.848
    ],
    "orcz:great_jungle_armour_leggings": [
      766,
      1.872
    ],
    "orcz:orcteeth_armor_armor_leggings": [
      872,
      1.024
    ]
  },
  "CHEST": {
    "alexsmobs:crocodile_chestplate": [
      478,
      4.176
    ],
    "alexsmobs:rocky_chestplate": [
      526,
      3.792
    ],
    "alexsmobs:tarantula_hawk_elytra": [
      897,
      0.824
    ],
    "ars_nouveau:apprentice_robes": [
      607,
      3.144
    ],
    "ars_nouveau:archmage_robes": [
      1,
      7.992
    ],
    "ars_nouveau:novice_robes": [
      807,
      1.544
    ],
    "ba_bt:platinum_chestplate": [
      788,
      1.696
    ],
    "biomemakeover:cladded_chestplate": [
      944,
      0.448
    ],
    "blue_skies:aquite_chestplate": [
      750,
      2.0
    ],
    "blue_skies:charoite_chestplate": [
      48,
      7.616
    ],
    "blue_skies:diopside_chestplate": [
      175,
      6.6
    ],
    "blue_skies:horizonite_chestplate": [
      947,
      0.424
    ],
    "blue_skies:pyrope_chestplate": [
      947,
      0.424
    ],
    "blue_skies:shadow_chestplate": [
      1,
      8.28
    ],
    "create:copper_backtank": [
      1141,
      -1.128
    ],
    "epicfight:stray_robe": [
      1314,
      -2.512
    ],
    "fromtheshadows:diabolium_chest": [
      1,
      9.36
    ],
    "hexerei:witch_chestplate": [
      497,
      4.024
    ],
    "minecraft:chainmail_chestplate": [
      1098,
      -0.784
    ],
    "minecraft:diamond_chestplate": [
      444,
      4.448
    ],
    "minecraft:golden_chestplate": [
      1201,
      -1.608
    ],
    "minecraft:iron_chestplate": [
      954,
      0.368
    ],
    "minecraft:leather_chestplate": [
      1356,
      -2.848
    ],
    "orcz:great_jungle_armour_chestplate": [
      766,
      1.872
    ],
    "orcz:orcteeth_armor_armor_chestplate": [
      872,
      1.024
    ]
  },
  "HEAD": {
    "alexsmobs:fedora": [
      1186,
      -1.488
    ],
    "alexsmobs:frontier_cap": [
      840,
      1.28
    ],
    "alexsmobs:froststalker_helmet": [
      880,
      0.96
    ],
    "alexsmobs:moose_headgear": [
      887,
      0.904
    ],
    "alexsmobs:novelty_hat": [
      1189,
      -1.512
    ],
    "alexsmobs:sombrero": [
      1137,
      -1.096
    ],
    "alexsmobs:spiked_turtle_shell": [
      673,
      2.616
    ],
    "ars_nouveau:apprentice_hood": [
      607,
      3.144
    ],
    "ars_nouveau:archmage_hood": [
      1,
      7.992
    ],
    "ars_nouveau:novice_hood": [
      807,
      1.544
    ],
    "ba_bt:platinum_helmet": [
      788,
      1.696
    ],
    "biomemakeover:cladded_helmet": [
      944,
      0.448
    ],
    "biomemakeover:cowboy_hat": [
      1074,
      -0.592
    ],
    "biomemakeover:witch_hat": [
      1074,
      -0.592
    ],
    "blue_skies:aquite_helmet": [
      750,
      2.0
    ],
    "blue_skies:charoite_helmet": [
      48,
      7.616
    ],
    "blue_skies:diopside_helmet": [
      175,
      6.6
    ],
    "blue_skies:horizonite_helmet": [
      947,
      0.424
    ],
    "blue_skies:pyrope_helmet": [
      947,
      0.424
    ],
    "blue_skies:shadow_helmet": [
      1,
      8.28
    ],
    "cloudstorage:propeller_hat": [
      1212,
      -1.696
    ],
    "conjurer_illager:conjurer_hat": [
      1302,
      -2.416
    ],
    "create:diving_helmet": [
      1141,
      -1.128
    ],
    "epicfight:stray_hat": [
      1314,
      -2.512
    ],
    "fromtheshadows:diabolium_helmet": [
      1,
      9.36
    ],
    "hexerei:mushroom_witch_hat": [
      497,
      4.024
    ],
    "hexerei:witch_helmet": [
      497,
      4.024
    ],
    "minecraft:chainmail_helmet": [
      1098,
      -0.784
    ],
    "minecraft:diamond_helmet": [
      444,
      4.448
    ],
    "minecraft:golden_helmet": [
      1201,
      -1.608
    ],
    "minecraft:iron_helmet": [
      954,
      0.368
    ],
    "minecraft:leather_helmet": [
      1356,
      -2.848
    ],
    "minecraft:shulker_shell": [
      1328,
      -2.624
    ],
    "minecraft:turtle_helmet": [
      865,
      1.08
    ],
    "orcz:great_jungle_armour_helmet": [
      766,
      1.872
    ],
    "orcz:orcteeth_armor_armor_helmet": [
      872,
      1.024
    ],
    "quark:forgotten_hat": [
      1356,
      -2.848
    ]
  }
}