{
  "minecraft": {
    "horse_inventory": true,
    "total_ench_power": true,
    "chicken_egg": true,
    "jukebox": true,
    "horse_stat": true,
    "brewing_stand": true,
    "animal_owner": false,
    "note_block": true,
    "inventory": true,
    "beehive": true,
    "player_head": true,
    "lectern": true,
    "effective_tool": true,
    "harvest_tool": true,
    "armor_stand": true,
    "fluid": true,
    "profession": true,
    "item_tooltip": true,
    "breaking_progress": true,
    "tnt_stability": true,
    "ench_power": true,
    "mob_breeding": true,
    "item_frame": true,
    "crop_progress": true,
    "effects": true,
    "command_block": true,
    "display_furnace_contents": true,
    "mob_growth": true,
    "painting": true,
    "harvest_tool_new_line": false,
    "spawner_type": true,
    "redstone": true,
    "fe": true
  },
  "strawgolem": {
    "lifespan": true,
    "hunger": true
  },
  "jade": {
    "block_states": false,
    "entity_armor": false,
    "registry_name": false,
    "item_mod_name": true,
    "mod_name": false,
    "entity_hp": false
  },
  "storagedrawers": {
    "display.stacklimit": true,
    "display.content": true,
    "display.status": true
  }
}