[
  {
    "mob": "simple_mobs:imp_range",
    "persecond": 0.1,
    "attempts": 1,
    "amount": {
      "minimum": 1,
      "maximum": 1
    },
    "conditions": {
      "dimension": "minecraft:the_nether",
      "mindist": 35,
      "maxdist": 100,
      "minheight": 15,
      "maxheight": 200,
      "sturdy": true,
      "maxthis": 8
    }
  },
  {
    "mob": ["dannys_expansion:ice_elemental","dannys_expansion:hollow_armor","dannys_expansion:squig"],
    "persecond": 0.3,
    "attempts": 3,
    "amount": {
      "minimum": 1,
      "maximum": 1
    },
    "conditions": {
      "dimension": "minecraft:overworld",
      "mindist": 24,
      "maxdist": 100,
      "minheight": 15,
      "maxheight": 200,
      "maxthis": 10
    }
  },
  {
    "mob": ["bloodandmadness:silverbeast","bloodandmadness:brainsucker"],
    "persecond": 0.1,
    "attempts": 2,
    "amount": {
      "minimum": 1,
      "maximum": 1
    },
    "conditions": {
      "dimension": "minecraft:overworld",
      "mindist": 25,
      "maxdist": 100,
      "minheight": 15,
      "maxheight": 200,
      "sturdy": true,
      "maxthis": 2
    }
  },
  {
    "mob": ["dannys_expansion:foamie","dannys_expansion:foamcaster","dannys_expansion:foamspring","dannys_expansion:floam"],
    "persecond": 0.2,
    "attempts": 1,
    "amount": {
      "minimum": 2,
      "maximum": 4
    },
    "conditions": {
      "dimension": ["minecraft:overworld","minecraft:the_nether"],
      "mindist": 14,
      "maxdist": 100,
      "minheight": 60,
      "maxheight": 100,
      "maxthis": 15
    }
  },
  {
    "mob": "aquamirae:anglerfish",
    "persecond": 1,
    "attempts": 20,
    "amount": {
      "minimum": 2,
      "maximum": 3,
      "groupdistance": 3
    },
    "conditions": {
      "dimension": "minecraft:overworld",
      "inwater": true,
      "mindist": 30,
      "maxdist": 75,
      "minheight": 15,
      "maxheight": 60
    }
  },
  {
    "mob": "aquamirae:spinefish",
    "persecond": 0.5,
    "attempts": 5,
    "amount": {
      "minimum": 3,
      "maximum": 5,
      "groupdistance": 1
    },
    "conditions": {
      "dimension": "minecraft:overworld",
      "inwater": true,
      "mindist": 30,
      "maxdist": 75,
      "minheight": 15,
      "maxheight": 60
    }
  },
  {
    "mob": "aquamirae:eel",
    "persecond": 0.5,
    "attempts": 1,
    "amount": {
      "minimum": 1,
      "maximum": 1,
      "groupdistance": 1
    },
    "conditions": {
      "dimension": "minecraft:overworld",
      "inwater": true,
      "mindist": 50,
      "maxdist": 90,
      "minheight": 28,
      "maxheight": 35
    }
  }
]